{
    "cases": [
        {
            "caseScore": 100,
            "memoryLimit": 256000,
            "timeLimit": 2000
        },
        {
            "caseScore": 100,
            "memoryLimit": 256000,
            "timeLimit": 2000
        },
        {
            "caseScore": 100,
            "memoryLimit": 256000,
            "timeLimit": 2000
        },
        {
            "caseScore": 100,
            "memoryLimit": 256000,
            "timeLimit": 2000
        },
        {
            "caseScore": 100,
            "memoryLimit": 256000,
            "timeLimit": 2000
        },
        {
            "caseScore": 100,
            "memoryLimit": 256000,
            "timeLimit": 2000
        },
        {
            "caseScore": 100,
            "memoryLimit": 256000,
            "timeLimit": 2000
        }
    ]
}